Matricule;Nom;Postnom;Prenom;CodePinZk
"TMP-0046";"BIOI";"IMONGO";"Eveline";"TMP-0046"
"15017";"BOKOLE";"DJOJBO";"Jean Bedel";"15017"
"18002";"BOSOMI";"KASA";"Toussaint";"18002"
"12001";"IPALO";"MVOVONYENE";"BRUNO";"12001"
"19010";"JONAS";"PEMEELE";"Andy";"19010"
"TMP-0029";"KANANDA";"KALEKA";"Papy";"TMP-0029"
"13002";"KANDA";"NSISNA";"André";"13002"
"13003";"KISEMA";"NZIZGA";"Flory";"13003"
"TMP-0012";"KUBUENA";"MAKAMBILA";"Alliance";"TMP-0012"
"24001-R55";"LANDU";"MUAUGA";"Mathonet";"24001-R55"
"20002";"LANDU";"NGWGLA";"Steve";"20002"
"19017";"LOKAFO";"DAKA";"Fiston";"19017"
"TMP-0028";"LOWO";"MWEMBO";"Isaac";"TMP-0028"
"15012";"LUBOYA";"MUKUDI";"Trésor";"15012"
"23002-R27";"LUFU";"MPUPU";"Chela";"23002-R27"
"TMP-0031";"MABALAMENE";"MABILAMENE";"Moise";"TMP-0031"
"TMP-0045";"MAFA";"GEORGE";"Ismael";"TMP-0045"
"24001";"MAHIKA";"METE";"Apolinaire";"24001"
"13005";"MAKABI";"MATAVANGA";"Chrétien";"13005"
"19009";"MAKAMBILA";"KUBUENA";"Ibrahim";"19009"
"TMP-0027";"MAMAUYA";"MVUAKA";"Tichick";"TMP-0027"
"19002";"MAMBWANA";"KWEWUVUKILA";"Daniel";"19002"
"24002-R38";"MAMBWENI";"MAMAWENI";"Adolphe";"24002-R38"
"24002";"MANZAMBI";"KUBUNZILA";"Merveille";"24002"
"15015";"MASIYA";"NGEGA";"Patchely";"15015"
"19001";"MAVUNGU";"MAVANGU";"Willy";"19001"
"TMP-0043";"MBUBITU";"";"Rachidi";"TMP-0043"
"08002";"MBULUKASU";"KALALA";"Richard";"08002"
"TMP-0013";"MIFITA";"KUPA";"Elvis";"TMP-0013"
"TMP-0015";"MIFITA";"KUPA";"Gilbert";"TMP-0015"
"13004";"MIMI";"DITIWILA";"NICO";"13004"
"11001";"MISIRI";"MPIPI";"Faustin";"11001"
"23002";"MOKILI";"MOKOLI";"Christian";"23002"
"24003";"MONSHEME";"MONOHEME";"Glody";"24003"
"21001";"MOTANDA";"MOKOTU";"Auguy";"21001"
"21002-R18";"MVOMONYENE";"IPAPO";"Fabrice";"21002-R18"
"19015";"NDANGALA";"NSASI";"Noel";"19015"
"21003";"NDONDA";"SUKUENGO";"Jean";"21003"
"19006";"NDONGALA";"LUYUYE";"Rodin";"19006"
"15008";"NDUALU";"LANAU";"Faguy";"15008"
"19003";"NKATE";"MUTUMBO";"Reagan";"19003"
"21002";"NKISHI";"MAKANGO";"Eric";"21002"
"TMP-0030";"NKOKGOLO";"JOSEPH";"Nelly";"TMP-0030"
"23001";"NSEMI";"PUAUI";"Joel";"23001"
"24002-R29";"NTILA";"MASASA";"Jean";"24002-R29"
"TMP-0044";"NTITBA";"ADAMO";"Ada";"TMP-0044"
"24002-R45";"PIERRE";"LEMA";"Heritier";"24002-R45"
"15001";"PINDI";"KABAKA";"Jean";"15001"
"16006";"TUSEVO";"MABAILA";"Thomas";"16006"
"15016";"WAMBA";"MATANDO";"Sylvie";"15016"
"15014";"WAWA";"BABA";"Doudou";"15014"
"TMP-0049";"WAZALANGA";"";"Jonathan";"TMP-0049"
"15018";"XAVIER";"BRURCLAIR";"Benjamin";"15018"
